
INSERT INTO FLIGHT(FLIGHT_NUMBER,CARRIER_NAME,FLIGHT_MODEL,SEAT_CAPACITY) VALUES(101,'legacy carriers','Airbus A380',500);
INSERT INTO FLIGHT(FLIGHT_NUMBER,CARRIER_NAME,FLIGHT_MODEL,SEAT_CAPACITY) VALUES(102,' flag carriers','AIRCRAFTS',450);
INSERT INTO FLIGHT(FLIGHT_NUMBER,CARRIER_NAME,FLIGHT_MODEL,SEAT_CAPACITY) VALUES(103,'flag carriers','Boeing 747-8',1000);
INSERT INTO FLIGHT(FLIGHT_NUMBER,CARRIER_NAME,FLIGHT_MODEL,SEAT_CAPACITY) VALUES(104,'legacy carriers','Boeing 767-300F',2000);
INSERT INTO FLIGHT(FLIGHT_NUMBER,CARRIER_NAME,FLIGHT_MODEL,SEAT_CAPACITY) VALUES(105,'flag','Boeing 787',2500);

INSERT INTO AIRPORT(AIRPORT_CODE,AIRPORT_LOCATION,AIRPORT_NAME)VALUES('AKD','Akola','Akola Airport');
INSERT INTO AIRPORT(AIRPORT_CODE,AIRPORT_LOCATION,AIRPORT_NAME)VALUES('LUD','Ludhiana','Amritsar Airport');
INSERT INTO AIRPORT(AIRPORT_CODE,AIRPORT_LOCATION,AIRPORT_NAME)VALUES('CDP','Cuddapah','Cuddapah Airport');
INSERT INTO AIRPORT(AIRPORT_CODE,AIRPORT_LOCATION,AIRPORT_NAME)VALUES('DMU','Dimapur','Dimapur Airport');
INSERT INTO AIRPORT(AIRPORT_CODE,AIRPORT_LOCATION,AIRPORT_NAME)VALUES('GWL','Gwalior','Gwalior Airport');

INSERT INTO SCHEDULE(SCHEDULE_ID,ARRIVAL_TIME,DEPARTURE_TIME,DEST_AIRPORT_CODE,ARIVVAL_AIRPORT_CODE)VALUES(1000,timestamp'2020-05-11 10:03:20',timestamp'2020-05-11 12:05:20','AKD','LUD');
INSERT INTO SCHEDULE(SCHEDULE_ID,ARRIVAL_TIME,DEPARTURE_TIME,DEST_AIRPORT_CODE,ARIVVAL_AIRPORT_CODE)VALUES(1001,timestamp'2020-05-12 04:03:20',timestamp'2020-05-12 06:15:20','LUD','DMU');
INSERT INTO SCHEDULE(SCHEDULE_ID,ARRIVAL_TIME,DEPARTURE_TIME,DEST_AIRPORT_CODE,ARIVVAL_AIRPORT_CODE)VALUES(1002,timestamp'2020-05-13 09:03:20',timestamp'2020-05-13 12:05:20','DMU','GWL');
INSERT INTO SCHEDULE(SCHEDULE_ID,ARRIVAL_TIME,DEPARTURE_TIME,DEST_AIRPORT_CODE,ARIVVAL_AIRPORT_CODE)VALUES(1003,timestamp'2020-05-11 08:55:20',timestamp'2020-05-14 10:13:50','GWL','LUD');
INSERT INTO SCHEDULE(SCHEDULE_ID,ARRIVAL_TIME,DEPARTURE_TIME,DEST_AIRPORT_CODE,ARIVVAL_AIRPORT_CODE)VALUES(1004,timestamp'2020-05-12 10:03:20',timestamp'2020-05-15 12:03:20','CDP','LUD');

INSERT INTO SCHEDULED_FLIGHT(FLIGHT,AVAILABLE_SEATS,SCHEDULE_IDD)VALUES(101,350,1000);
INSERT INTO SCHEDULED_FLIGHT(FLIGHT,AVAILABLE_SEATS,SCHEDULE_IDD)VALUES(102,300,1001);
INSERT INTO SCHEDULED_FLIGHT(FLIGHT,AVAILABLE_SEATS,SCHEDULE_IDD)VALUES(103,550,1002);
INSERT INTO SCHEDULED_FLIGHT(FLIGHT,AVAILABLE_SEATS,SCHEDULE_IDD)VALUES(104,1500,1003);
INSERT INTO SCHEDULED_FLIGHT(FLIGHT,AVAILABLE_SEATS,SCHEDULE_IDD)VALUES(105,750,1004);